BRAND,TOTAL_SALES
Kettle,390239.8
Doritos,241890.90000000002
Smiths,224654.2
Pringles,177655.5
Infuzions,99047.59999999999
RRD,95046.0
Old,90785.09999999999
Thins,88852.5
Twisties,81522.09999999999
Tostitos,79789.6
Cobs,70569.8
Tyrrells,51647.4
Woolworths,49343.6
Grain,43048.8
Cheezels,40029.9
Natural,34272.0
Ccs,18078.9
Cheetos,16884.5
Grnwves,8568.4
Ncc,8046.0
French,7929.0
Burger,6830.999999999999
Snbts,5076.2
Sunbites,4600.2
